snapshot_id,game_key,captured_at_utc,model_version,week,start_date,away_team,home_team,preferred_side,signal,status_system,model_home_spread,snapshot_home_spread,snapshot_total,snapshot_bookmaker,closing_home_spread,closing_total,closing_bookmaker,closing_captured_at_utc,closing_minutes_to_kickoff,same_bookmaker,clv_points,beat_close,market_move_toward_model_points,closing_model_edge_points,clv_settled
a63658c46bda89609f77e7b2,401858204,2026-09-02T15:27:05.903938+00:00,production-model-a-2026-week1-freeze-v1,1,2026-09-03T23:00:00.000Z,Akron,Wake Forest,Akron,AGREE W/ MARKET,v1_market_disagreement,-22.0,-23.5,48.5,DraftKings,,,,,,,,,,,False
2e5e5aaecf0bfa69d4896a5b,401856776,2026-09-02T15:27:05.903938+00:00,production-model-a-2026-week1-freeze-v1,1,2026-09-04T00:00:00.000Z,Colorado,Georgia Tech,Colorado,AGREE W/ MARKET,v1_market_disagreement,-6.0,-6.5,50.5,DraftKings,,,,,,,,,,,False
787ad2612196f22734a9a796,401858424,2026-09-02T15:27:05.903938+00:00,production-model-a-2026-week1-freeze-v1,1,2026-09-04T01:00:00.000Z,UAB,Illinois,UAB,LEAN,v1_market_disagreement,-23.5,-27.5,54.5,DraftKings,,,,,,,,,,,False
7cf4321c6a665ffa21cddaf2,401864495,2026-09-02T15:27:05.903938+00:00,production-model-a-2026-week1-freeze-v1,1,2026-09-04T22:30:00.000Z,San Jose State,Eastern Michigan,Eastern Michigan,AGREE W/ MARKET,v1_market_disagreement,-5.0,-3.0,56.5,DraftKings,,,,,,,,,,,False
b6575d7b93aab45a3a4e7e8d,401858429,2026-09-02T15:27:05.903938+00:00,production-model-a-2026-week1-freeze-v1,1,2026-09-05T00:00:00.000Z,Toledo,Michigan State,Michigan State,AGREE W/ MARKET,v1_market_disagreement,-10.5,-9.5,47.5,DraftKings,,,,,,,,,,,False
740f2a1269474719f97db54a,401856664,2026-09-02T15:27:05.903938+00:00,production-model-a-2026-week1-freeze-v1,1,2026-09-05T00:00:00.000Z,UTEP,Oklahoma,UTEP,PLAY,v1_market_disagreement,-32.0,-41.5,51.5,DraftKings,,,,,,,,,,,False
25204df86672214ccb5d1366,401858436,2026-09-02T15:27:05.903938+00:00,production-model-a-2026-week1-freeze-v1,1,2026-09-05T01:00:00.000Z,Fresno State,USC,Fresno State,PLAY,v1_market_disagreement,-14.0,-22.5,51.5,DraftKings,,,,,,,,,,,False
31ce833546b9fcdb85289fe6,401858206,2026-09-02T15:27:05.903938+00:00,production-model-a-2026-week1-freeze-v1,1,2026-09-05T01:00:00.000Z,Miami,Stanford,Stanford,PLAY,v1_market_disagreement,15.0,24.5,48.5,DraftKings,,,,,,,,,,,False
ca07a1a75cd8a098d27dcaa4,401869960,2026-09-02T15:27:05.903938+00:00,production-model-a-2026-week1-freeze-v1,1,2026-09-05T16:00:00.000Z,Liberty,James Madison,Liberty,AGREE W/ MARKET,v1_market_disagreement,-5.5,-6.5,50.5,DraftKings,,,,,,,,,,,False
192360a9a475e9581dba975b,401858430,2026-09-02T15:27:05.903938+00:00,production-model-a-2026-week1-freeze-v1,1,2026-09-05T16:00:00.000Z,Ohio,Nebraska,Ohio,LEAN,v1_market_disagreement,-19.0,-23.5,45.5,DraftKings,,,,,,,,,,,False
20bc510735b7d91926c81c3a,401856780,2026-09-02T15:27:05.903938+00:00,production-model-a-2026-week1-freeze-v1,1,2026-09-05T16:00:00.000Z,Coastal Carolina,West Virginia,Coastal Carolina,PLAY,v1_market_disagreement,-12.5,-21.0,55.5,DraftKings,,,,,,,,,,,False
606991001e92d8edab6d2a4f,401858425,2026-09-02T15:27:05.903938+00:00,production-model-a-2026-week1-freeze-v1,1,2026-09-05T16:00:00.000Z,North Texas,Indiana,North Texas,PLAY,v1_market_disagreement,-31.5,-39.5,55.5,DraftKings,,,,,,,,,,,False
f7648a232ff7740a3e8d243a,401856778,2026-09-02T15:27:05.903938+00:00,production-model-a-2026-week1-freeze-v1,1,2026-09-05T16:00:00.000Z,Oregon State,Houston,Oregon State,PLAY,v1_market_disagreement,-12.0,-20.5,49.5,DraftKings,,,,,,,,,,,False
ad7bde5526c81b4fa92562c8,401856634,2026-09-02T15:27:05.903938+00:00,production-model-a-2026-week1-freeze-v1,1,2026-09-05T16:00:00.000Z,East Carolina,Alabama,East Carolina,PLAY,v1_market_disagreement,-18.5,-27.5,52.5,DraftKings,,,,,,,,,,,False
91577e373d9c6675f8d5b017,401858207,2026-09-02T15:27:05.903938+00:00,production-model-a-2026-week1-freeze-v1,1,2026-09-05T16:30:00.000Z,Miami (OH),Pittsburgh,Miami (OH),EDGE,v1_market_disagreement,-10.0,-16.5,48.5,DraftKings,,,,,,,,,,,False
175ba5b245af8e28044d555d,401858432,2026-09-02T15:27:05.903938+00:00,production-model-a-2026-week1-freeze-v1,1,2026-09-05T16:30:00.000Z,Ball State,Ohio State,Ball State,AGREE W/ MARKET,v1_market_disagreement,-48.0,-50.5,55.5,DraftKings,,,,,,,,,,,False
2156ed73e7580fa1e3aa402c,401856665,2026-09-02T15:27:05.903938+00:00,production-model-a-2026-week1-freeze-v1,1,2026-09-05T16:45:00.000Z,Kent State,South Carolina,Kent State,EDGE,v1_market_disagreement,-29.5,-35.5,54.5,DraftKings,,,,,,,,,,,False
9277ab3f7b8ebc918dc76732,401858433,2026-09-02T15:27:05.903938+00:00,production-model-a-2026-week1-freeze-v1,1,2026-09-05T19:30:00.000Z,Boise State,Oregon,Boise State,AGREE W/ MARKET,v1_market_disagreement,-22.0,-24.5,51.5,DraftKings,,,,,,,,,,,False
d220a90350883b54162bfc64,401856777,2026-09-02T15:27:05.903938+00:00,production-model-a-2026-week1-freeze-v1,1,2026-09-05T19:30:00.000Z,Boston College,Cincinnati,Boston College,AGREE W/ MARKET,v1_market_disagreement,-6.0,-7.5,49.5,FanDuel,,,,,,,,,,,False
fd6e07402a75172576e77256,401856636,2026-09-02T15:27:05.903938+00:00,production-model-a-2026-week1-freeze-v1,1,2026-09-05T19:30:00.000Z,Baylor,Auburn,Baylor,AGREE W/ MARKET,v1_market_disagreement,-6.0,-7.5,58.5,DraftKings,,,,,,,,,,,False
fdc52734512f7f3b5327a5a6,401858434,2026-09-02T15:27:05.903938+00:00,production-model-a-2026-week1-freeze-v1,1,2026-09-05T19:30:00.000Z,Marshall,Penn State,Marshall,AGREE W/ MARKET,v1_market_disagreement,-22.0,-23.5,52.5,DraftKings,,,,,,,,,,,False
244b6962d5039fe233b857a5,401856667,2026-09-02T15:27:05.903938+00:00,production-model-a-2026-week1-freeze-v1,1,2026-09-05T19:30:00.000Z,Texas State,Texas,Texas State,PLAY,v1_market_disagreement,-22.0,-29.5,59.5,DraftKings,,,,,,,,,,,False
585014c166c1f700aff70bcf,401858209,2026-09-02T15:27:05.903938+00:00,production-model-a-2026-week1-freeze-v1,1,2026-09-05T19:30:00.000Z,Tulane,Duke,Duke,AGREE W/ MARKET,v1_market_disagreement,-10.0,-7.5,51.5,DraftKings,,,,,,,,,,,False
b59b747458c0bf9633691ebd,401856772,2026-09-02T15:27:05.903938+00:00,production-model-a-2026-week1-freeze-v1,1,2026-09-05T19:45:00.000Z,Oklahoma State,Tulsa,Tulsa,LEAN,v1_market_disagreement,8.5,13.5,59.5,DraftKings,,,,,,,,,,,False
44f92cb684229d0ffd4997a6,401858426,2026-09-02T15:27:05.903938+00:00,production-model-a-2026-week1-freeze-v1,1,2026-09-05T20:15:00.000Z,Northern Illinois,Iowa,Northern Illinois,LEAN,v1_market_disagreement,-27.0,-31.5,44.5,DraftKings,,,,,,,,,,,False
188590c253a1d4ce10fa1001,401860878,2026-09-02T15:27:05.903938+00:00,production-model-a-2026-week1-freeze-v1,1,2026-09-05T22:00:00.000Z,Wyoming,Colorado State,Wyoming,AGREE W/ MARKET,v1_market_disagreement,-1.5,-3.0,46.5,DraftKings,,,,,,,,,,,False
850b5cc35c95cadbeb6112fc,401862699,2026-09-02T15:27:05.903938+00:00,production-model-a-2026-week1-freeze-v1,1,2026-09-05T23:00:00.000Z,Florida International,South Florida,Florida International,AGREE W/ MARKET,v1_market_disagreement,-11.5,-14.0,52.5,DraftKings,,,,,,,,,,,False
5fef0641688bf4bd9c3af013,401856668,2026-09-02T15:27:05.903938+00:00,production-model-a-2026-week1-freeze-v1,1,2026-09-05T23:00:00.000Z,Missouri State,Texas A&M,Missouri State,EDGE,v1_market_disagreement,-34.0,-40.5,53.5,DraftKings,,,,,,,,,,,False
3d314751ff78804d3cde10c7,401862695,2026-09-02T15:27:05.903938+00:00,production-model-a-2026-week1-freeze-v1,1,2026-09-05T23:00:00.000Z,Arkansas State,Memphis,Memphis,AGREE W/ MARKET,v1_market_disagreement,-13.0,-11.5,52.5,DraftKings,,,,,,,,,,,False
0d8cfb36d0692f9feb9b60c6,401858428,2026-09-02T15:27:05.903938+00:00,production-model-a-2026-week1-freeze-v1,1,2026-09-05T23:30:00.000Z,Western Michigan,Michigan,Western Michigan,EDGE,v1_market_disagreement,-20.5,-27.5,48.5,DraftKings,,,,,,,,,,,False
64bc6124d024f938177a7533,401856660,2026-09-02T15:27:05.903938+00:00,production-model-a-2026-week1-freeze-v1,1,2026-09-05T23:30:00.000Z,Clemson,LSU,Clemson,AGREE W/ MARKET,v1_market_disagreement,-9.0,-10.0,50.5,DraftKings,,,,,,,,,,,False
08c0642165e420c40bae1136,401856662,2026-09-02T15:27:05.903938+00:00,production-model-a-2026-week1-freeze-v1,1,2026-09-05T23:30:00.000Z,UL Monroe,Mississippi State,,AGREE W/ MARKET,v1_market_disagreement,-28.5,-28.5,54.5,DraftKings,,,,,,,,,,,False
fd08895bacf1de855c901161,401856637,2026-09-02T15:27:05.903938+00:00,production-model-a-2026-week1-freeze-v1,1,2026-09-05T23:45:00.000Z,Florida Atlantic,Florida,Florida Atlantic,EDGE,v1_market_disagreement,-19.5,-26.5,59.5,DraftKings,,,,,,,,,,,False
ba3afc2e2b371b1c61a20d00,401864497,2026-09-02T15:27:05.903938+00:00,production-model-a-2026-week1-freeze-v1,1,2026-09-06T02:00:00.000Z,UNLV,Hawai'i,Hawai'i,LEAN,v1_market_disagreement,0.0,3.0,56.5,DraftKings,,,,,,,,,,,False
e2ee7f03c1e74268aba34d00,401864498,2026-09-02T15:27:05.903938+00:00,production-model-a-2026-week1-freeze-v1,1,2026-09-06T02:00:00.000Z,Central Michigan,New Mexico,New Mexico,LEAN,v1_market_disagreement,-13.5,-10.0,46.5,DraftKings,,,,,,,,,,,False
41e27c6aa56c58cb3e608715,401864432,2026-09-02T15:27:05.903938+00:00,production-model-a-2026-week1-freeze-v1,1,2026-09-06T02:30:00.000Z,Western Kentucky,Nevada,Nevada,AGREE W/ MARKET,v1_market_disagreement,1.5,2.5,52.5,DraftKings,,,,,,,,,,,False
927873adaa6534f4dc172039,401858210,2026-09-02T15:27:05.903938+00:00,production-model-a-2026-week1-freeze-v1,1,2026-09-06T02:30:00.000Z,UCLA,California,California,LEAN,v1_market_disagreement,-0.5,2.5,53.5,DraftKings,,,,,,,,,,,False
0359d6f4eff066c856965dc4,401858437,2026-09-02T15:27:05.903938+00:00,production-model-a-2026-week1-freeze-v1,1,2026-09-06T20:00:00.000Z,Washington State,Washington,Washington State,LEAN,v1_market_disagreement,-18.5,-23.5,50.5,DraftKings,,,,,,,,,,,False
3ea32bb57d6114bc41a3a70d,401858438,2026-09-02T15:27:05.903938+00:00,production-model-a-2026-week1-freeze-v1,1,2026-09-06T23:30:00.000Z,Wisconsin,Notre Dame,Wisconsin,LEAN,v1_market_disagreement,-17.5,-20.5,47.5,DraftKings,,,,,,,,,,,False
66c2085701dbc9db259c0598,401856661,2026-09-02T15:27:05.903938+00:00,production-model-a-2026-week1-freeze-v1,1,2026-09-06T23:30:00.000Z,Louisville,Ole Miss,Louisville,LEAN,v1_market_disagreement,-4.0,-7.0,55.5,DraftKings,,,,,,,,,,,False
65cd47803d3b61473a2cad5a,401858212,2026-09-02T15:27:05.903938+00:00,production-model-a-2026-week1-freeze-v1,1,2026-09-07T23:30:00.000Z,SMU,Florida State,Florida State,LEAN,v1_market_disagreement,-0.5,3.0,52.5,DraftKings,,,,,,,,,,,False
e2586fb89427e1e7a0a6d5a3,401856678,2026-09-02T15:27:05.903938+00:00,production-model-a-2026-week1-freeze-v1,2,2026-09-12T00:00:00.000Z,Missouri,Kansas,,AGREE W/ MARKET,v1_market_disagreement,7.0,7.0,53.5,DraftKings,,,,,,,,,,,False
6e4db172c530b9b92c12144f,401856683,2026-09-02T15:27:05.903938+00:00,production-model-a-2026-week1-freeze-v1,2,2026-09-12T16:00:00.000Z,Arizona State,Texas A&M,Texas A&M,AGREE W/ MARKET,v1_market_disagreement,-15.5,-14.5,51.5,DraftKings,,,,,,,,,,,False
5d0205be7fe836a8da1fce0c,401856679,2026-09-02T15:27:05.903938+00:00,production-model-a-2026-week1-freeze-v1,2,2026-09-12T16:00:00.000Z,Oklahoma,Michigan,,AGREE W/ MARKET,v1_market_disagreement,-1.5,-1.5,46.5,DraftKings,,,,,,,,,,,False
a5cfadb4f414707852c9e888,401856782,2026-09-02T15:27:05.903938+00:00,production-model-a-2026-week1-freeze-v1,2,2026-09-12T16:00:00.000Z,Oregon,Oklahoma State,Oklahoma State,LEAN,v1_market_disagreement,14.5,18.5,60.5,DraftKings,,,,,,,,,,,False
bec842d358759d2acc8d357f,401856682,2026-09-02T15:27:05.903938+00:00,production-model-a-2026-week1-freeze-v1,2,2026-09-12T23:30:00.000Z,Ohio State,Texas,Ohio State,EDGE,v1_market_disagreement,4.5,-1.5,47.5,DraftKings,,,,,,,,,,,False
fb093c78dd9db657fa705164,401856788,2026-09-02T15:27:05.903938+00:00,production-model-a-2026-week1-freeze-v1,2,2026-09-12T23:30:00.000Z,Iowa State,Iowa,Iowa,LEAN,v1_market_disagreement,-14.5,-11.5,41.5,DraftKings,,,,,,,,,,,False
ddbe08984e03bacdf82265f3,401856670,2026-09-02T15:27:05.903938+00:00,production-model-a-2026-week1-freeze-v1,2,2026-09-13T02:15:00.000Z,Arkansas,Utah,Arkansas,LEAN,v1_market_disagreement,-6.0,-9.5,54.5,DraftKings,,,,,,,,,,,False
ac736f816a6f675f62eaef78,401856811,2026-09-02T15:27:05.903938+00:00,production-model-a-2026-week1-freeze-v1,3,2026-09-19T00:00:00.000Z,Houston,Texas Tech,,AGREE W/ MARKET,v1_market_disagreement,-13.5,-13.5,54.5,DraftKings,,,,,,,,,,,False
740aff43501262f9ce20e509,401856686,2026-09-02T15:27:05.903938+00:00,production-model-a-2026-week1-freeze-v1,3,2026-09-19T16:00:00.000Z,Georgia,Arkansas,Arkansas,LEAN,v1_market_disagreement,13.5,16.5,55.5,FanDuel,,,,,,,,,,,False
3c5c325bbbdb281a75ea8bdd,401858230,2026-09-02T15:27:05.903938+00:00,production-model-a-2026-week1-freeze-v1,3,2026-09-19T19:30:00.000Z,SMU,Louisville,,AGREE W/ MARKET,v1_market_disagreement,-1.5,-1.5,56.5,DraftKings,,,,,,,,,,,False
c289be99d912935a80f70793,401856687,2026-09-02T15:27:05.903938+00:00,production-model-a-2026-week1-freeze-v1,3,2026-09-19T23:00:00.000Z,Florida,Auburn,Auburn,AGREE W/ MARKET,v1_market_disagreement,0.0,1.5,53.5,DraftKings,,,,,,,,,,,False
5fef87aca208c0235bc2d1c8,401856688,2026-09-02T15:27:05.903938+00:00,production-model-a-2026-week1-freeze-v1,3,2026-09-19T23:30:00.000Z,LSU,Ole Miss,LSU,AGREE W/ MARKET,v1_market_disagreement,0.5,-1.5,57.5,DraftKings,,,,,,,,,,,False
48d7c3ef75996e3326cc320c,401856700,2026-09-02T15:27:05.903938+00:00,production-model-a-2026-week1-freeze-v1,4,2026-09-26T04:00:00.000Z,Oklahoma,Georgia,Oklahoma,AGREE W/ MARKET,v1_market_disagreement,-9.0,-10.0,52.5,DraftKings,,,,,,,,,,,False
9f74c6a3af76e49840666523,401856702,2026-09-02T15:27:05.903938+00:00,production-model-a-2026-week1-freeze-v1,4,2026-09-26T04:00:00.000Z,Texas A&M,LSU,,AGREE W/ MARKET,v1_market_disagreement,-3.0,-3.0,57.5,DraftKings,,,,,,,,,,,False
8aaaebba50c8307557b0e4e4,401856704,2026-09-02T15:27:05.903938+00:00,production-model-a-2026-week1-freeze-v1,4,2026-09-26T16:00:00.000Z,Texas,Tennessee,Tennessee,EDGE,v1_market_disagreement,1.0,6.5,56.5,DraftKings,,,,,,,,,,,False
9cc9540d1cc1497580bc5c7a,401858249,2026-09-02T15:27:05.903938+00:00,production-model-a-2026-week1-freeze-v1,5,2026-10-03T04:00:00.000Z,Miami,Clemson,Clemson,LEAN,v1_market_disagreement,3.5,7.0,55.5,DraftKings,,,,,,,,,,,False
c9914b3de28b01021294057b,401856712,2026-09-02T15:27:05.903938+00:00,production-model-a-2026-week1-freeze-v1,6,2026-10-10T04:00:00.000Z,Georgia,Alabama,Georgia,AGREE W/ MARKET,v1_market_disagreement,3.5,3.0,50.5,DraftKings,,,,,,,,,,,False
2eb7a6c585ca98689a447ce6,401856717,2026-09-02T15:27:05.903938+00:00,production-model-a-2026-week1-freeze-v1,6,2026-10-10T19:30:00.000Z,Texas,Oklahoma,Oklahoma,LEAN,v1_market_disagreement,3.0,6.0,48.5,DraftKings,,,,,,,,,,,False
cf11c21b8a2ff0390c329def,401856719,2026-09-02T15:27:05.903938+00:00,production-model-a-2026-week1-freeze-v1,7,2026-10-17T04:00:00.000Z,Auburn,Georgia,Auburn,AGREE W/ MARKET,v1_market_disagreement,-14.5,-16.5,54.5,DraftKings,,,,,,,,,,,False
e83ae74ef9c553a41200b8d6,401858488,2026-09-02T15:27:05.903938+00:00,production-model-a-2026-week1-freeze-v1,7,2026-10-17T04:00:00.000Z,Ohio State,Indiana,Ohio State,AGREE W/ MARKET,v1_market_disagreement,2.5,1.5,48.5,DraftKings,,,,,,,,,,,False
3a7b483c3b4c2a99ed59cadd,401858490,2026-09-02T15:27:05.903938+00:00,production-model-a-2026-week1-freeze-v1,7,2026-10-17T04:00:00.000Z,Penn State,Michigan,Penn State,LEAN,v1_market_disagreement,-3.5,-6.5,51.5,DraftKings,,,,,,,,,,,False
4c1e2cc0d5c5baae94cffecc,401858492,2026-09-02T15:27:05.903938+00:00,production-model-a-2026-week1-freeze-v1,7,2026-10-17T04:00:00.000Z,Nebraska,Oregon,Nebraska,LEAN,v1_market_disagreement,-18.5,-21.5,51.5,DraftKings,,,,,,,,,,,False
7a15ef10f9b1fc2a5e79a3c1,401856723,2026-09-02T15:27:05.903938+00:00,production-model-a-2026-week1-freeze-v1,7,2026-10-17T04:00:00.000Z,Alabama,Tennessee,Tennessee,LEAN,v1_market_disagreement,-3.0,1.5,56.5,DraftKings,,,,,,,,,,,False
54aa5f93056aed000396f0eb,401856809,2026-09-02T15:27:05.903938+00:00,production-model-a-2026-week1-freeze-v1,7,2026-10-17T04:00:00.000Z,Notre Dame,BYU,BYU,LEAN,v1_market_disagreement,6.0,10.0,54.5,DraftKings,,,,,,,,,,,False
a5433e252361d15305b4be75,401856830,2026-09-02T15:27:05.903938+00:00,production-model-a-2026-week1-freeze-v1,7,2026-10-17T04:00:00.000Z,Kansas,Kansas State,Kansas,AGREE W/ MARKET,v1_market_disagreement,-7.0,-7.5,54.5,DraftKings,,,,,,,,,,,False
680309115c3cefacee429d6d,401856727,2026-09-02T15:27:05.903938+00:00,production-model-a-2026-week1-freeze-v1,8,2026-10-24T04:00:00.000Z,Texas A&M,Alabama,Texas A&M,AGREE W/ MARKET,v1_market_disagreement,-0.5,-2.5,54.5,DraftKings,,,,,,,,,,,False
0ab63a19de60ad69c6385c08,401856732,2026-09-02T15:27:05.903938+00:00,production-model-a-2026-week1-freeze-v1,8,2026-10-24T04:00:00.000Z,Ole Miss,Texas,Ole Miss,AGREE W/ MARKET,v1_market_disagreement,-8.0,-8.5,54.5,DraftKings,,,,,,,,,,,False
dacc07ab34f857fdd8f76ac5,401856837,2026-09-02T15:27:05.903938+00:00,production-model-a-2026-week1-freeze-v1,8,2026-10-24T04:00:00.000Z,Houston,Utah,Houston,AGREE W/ MARKET,v1_market_disagreement,-5.0,-6.5,50.5,DraftKings,,,,,,,,,,,False
1c62243fd3bdb55cec92ae72,401858496,2026-09-02T15:27:05.903938+00:00,production-model-a-2026-week1-freeze-v1,8,2026-10-24T04:00:00.000Z,Indiana,Michigan,Michigan,AGREE W/ MARKET,v1_market_disagreement,3.5,6.0,52.5,DraftKings,,,,,,,,,,,False
5bb13942e2442b8e67f8adbf,401856734,2026-09-02T15:27:05.903938+00:00,production-model-a-2026-week1-freeze-v1,9,2026-10-31T19:30:00.000Z,Florida,Georgia,Florida,LEAN,v1_market_disagreement,-8.5,-12.5,53.5,DraftKings,,,,,,,,,,,False
926eedc6ed4271c076714290,401856740,2026-09-02T15:27:05.903938+00:00,production-model-a-2026-week1-freeze-v1,10,2026-11-07T05:00:00.000Z,Alabama,LSU,LSU,AGREE W/ MARKET,v1_market_disagreement,-5.5,-3.5,54.5,DraftKings,,,,,,,,,,,False
32a6ab5df88ee55fc5f2dd56,401856741,2026-09-02T15:27:05.903938+00:00,production-model-a-2026-week1-freeze-v1,10,2026-11-07T05:00:00.000Z,Georgia,Ole Miss,Georgia,AGREE W/ MARKET,v1_market_disagreement,5.0,4.5,55.5,DraftKings,,,,,,,,,,,False
932935e87c191b25133073d2,401856849,2026-09-02T15:27:05.903938+00:00,production-model-a-2026-week1-freeze-v1,10,2026-11-07T05:00:00.000Z,BYU,Utah,BYU,LEAN,v1_market_disagreement,1.0,-3.0,51.5,DraftKings,,,,,,,,,,,False
c28d0bd44838d1f8671a745c,401858511,2026-09-02T15:27:05.903938+00:00,production-model-a-2026-week1-freeze-v1,10,2026-11-07T05:00:00.000Z,Michigan State,Michigan,Michigan State,AGREE W/ MARKET,v1_market_disagreement,-14.5,-16.5,50.5,DraftKings,,,,,,,,,,,False
80f7237e78d4241afa6c5c85,401858514,2026-09-02T15:27:05.903938+00:00,production-model-a-2026-week1-freeze-v1,10,2026-11-07T05:00:00.000Z,Oregon,Ohio State,,AGREE W/ MARKET,v1_market_disagreement,-6.0,-6.0,52.5,DraftKings,,,,,,,,,,,False
f2a1809ad0cbf22603842582,401858291,2026-09-02T15:27:05.903938+00:00,production-model-a-2026-week1-freeze-v1,10,2026-11-08T00:30:00.000Z,Miami,Notre Dame,,AGREE W/ MARKET,v1_market_disagreement,-6.5,-6.5,54.5,DraftKings,,,,,,,,,,,False
dd6946830951c26272527f3b,401858523,2026-09-02T15:27:05.903938+00:00,production-model-a-2026-week1-freeze-v1,11,2026-11-14T05:00:00.000Z,Michigan,Oregon,Michigan,AGREE W/ MARKET,v1_market_disagreement,-13.0,-13.5,53.5,DraftKings,,,,,,,,,,,False
a493e8c735f357130e915b79,401858296,2026-09-02T15:27:05.903938+00:00,production-model-a-2026-week1-freeze-v1,11,2026-11-14T05:00:00.000Z,Duke,Miami,Duke,EDGE,v1_market_disagreement,-15.0,-21.0,55.5,DraftKings,,,,,,,,,,,False
d0810f1479993db0bab78920,401856888,2026-09-02T15:27:05.903938+00:00,production-model-a-2026-week1-freeze-v1,11,2026-11-14T05:00:00.000Z,Tennessee,Texas A&M,Tennessee,AGREE W/ MARKET,v1_market_disagreement,-6.0,-8.5,55.5,DraftKings,,,,,,,,,,,False
ca970825000f6603b2394bf7,401856887,2026-09-02T15:27:05.903938+00:00,production-model-a-2026-week1-freeze-v1,11,2026-11-14T05:00:00.000Z,Ole Miss,Oklahoma,Oklahoma,AGREE W/ MARKET,v1_market_disagreement,-4.5,-4.0,53.5,DraftKings,,,,,,,,,,,False
8e4f2dd96e31f9177dde8d65,401856885,2026-09-02T15:27:05.903938+00:00,production-model-a-2026-week1-freeze-v1,11,2026-11-14T05:00:00.000Z,Texas,LSU,LSU,LEAN,v1_market_disagreement,-1.5,2.5,54.5,DraftKings,,,,,,,,,,,False
d132cc259dcef8740a963c22,401856863,2026-09-02T15:27:05.903938+00:00,production-model-a-2026-week1-freeze-v1,11,2026-11-14T05:00:00.000Z,Texas Tech,Oklahoma State,Oklahoma State,EDGE,v1_market_disagreement,9.0,15.5,61.5,DraftKings,,,,,,,,,,,False
44160544a3cbe2ee9ee08a9b,401856752,2026-09-02T15:27:05.903938+00:00,production-model-a-2026-week1-freeze-v1,12,2026-11-21T05:00:00.000Z,Texas A&M,Oklahoma,Texas A&M,AGREE W/ MARKET,v1_market_disagreement,-1.5,-2.5,51.5,DraftKings,,,,,,,,,,,False
1a789fd576b4200a66f7ca2a,401856754,2026-09-02T15:27:05.903938+00:00,production-model-a-2026-week1-freeze-v1,12,2026-11-21T05:00:00.000Z,LSU,Tennessee,Tennessee,AGREE W/ MARKET,v1_market_disagreement,-1.0,1.5,57.5,DraftKings,,,,,,,,,,,False
0ff71b71e78a9f916ed30d0e,401858302,2026-09-02T15:27:05.903938+00:00,production-model-a-2026-week1-freeze-v1,12,2026-11-21T05:00:00.000Z,Virginia Tech,Miami,Virginia Tech,LEAN,v1_market_disagreement,-12.5,-16.5,56.5,DraftKings,,,,,,,,,,,False
4ac3954a72be51e31f8fbd93,401858307,2026-09-02T15:27:05.903938+00:00,production-model-a-2026-week1-freeze-v1,12,2026-11-22T00:30:00.000Z,SMU,Notre Dame,SMU,LEAN,v1_market_disagreement,-14.0,-17.5,56.5,DraftKings,,,,,,,,,,,False
1826e3fa8cd4871712aa6658,401856762,2026-09-02T15:27:05.903938+00:00,production-model-a-2026-week1-freeze-v1,13,2026-11-27T17:00:00.000Z,Mississippi State,Ole Miss,Mississippi State,LEAN,v1_market_disagreement,-11.5,-14.5,56.5,DraftKings,,,,,,,,,,,False
4a31d2f4a544dabd499e7366,401856756,2026-09-02T15:27:05.903938+00:00,production-model-a-2026-week1-freeze-v1,13,2026-11-28T00:30:00.000Z,Texas,Texas A&M,Texas A&M,LEAN,v1_market_disagreement,-1.5,2.5,53.5,DraftKings,,,,,,,,,,,False
dd83b83acd9a702e4f11fc4a,401858541,2026-09-02T15:27:05.903938+00:00,production-model-a-2026-week1-freeze-v1,13,2026-11-28T05:00:00.000Z,Washington,Oregon,Washington,AGREE W/ MARKET,v1_market_disagreement,-13.5,-15.5,54.5,DraftKings,,,,,,,,,,,False
7dd4fe90c4a3c19131a1fe11,401856757,2026-09-02T15:27:05.903938+00:00,production-model-a-2026-week1-freeze-v1,13,2026-11-28T05:00:00.000Z,Auburn,Alabama,Auburn,AGREE W/ MARKET,v1_market_disagreement,-8.0,-10.0,53.5,DraftKings,,,,,,,,,,,False
25b44c416368e1c9c4a7e645,401856764,2026-09-02T15:27:05.903938+00:00,production-model-a-2026-week1-freeze-v1,13,2026-11-28T05:00:00.000Z,South Carolina,Clemson,Clemson,AGREE W/ MARKET,v1_market_disagreement,-3.5,-3.0,53.5,DraftKings,,,,,,,,,,,False
8d6e5f580258a7b3d9176a24,401856765,2026-09-02T15:27:05.903938+00:00,production-model-a-2026-week1-freeze-v1,13,2026-11-28T05:00:00.000Z,Tennessee,Vanderbilt,Tennessee,AGREE W/ MARKET,v1_market_disagreement,4.0,3.0,57.5,DraftKings,,,,,,,,,,,False
83ebeeb5b9916d11fb58c803,401856873,2026-09-02T15:27:05.903938+00:00,production-model-a-2026-week1-freeze-v1,13,2026-11-28T05:00:00.000Z,Arizona State,Arizona,Arizona,AGREE W/ MARKET,v1_market_disagreement,-5.5,-4.5,52.5,DraftKings,,,,,,,,,,,False
3281dd9582c6dd74ecd95c14,401858537,2026-09-02T15:27:05.903938+00:00,production-model-a-2026-week1-freeze-v1,13,2026-11-28T05:00:00.000Z,Illinois,Northwestern,Northwestern,AGREE W/ MARKET,v1_market_disagreement,2.5,3.5,52.5,DraftKings,,,,,,,,,,,False
2050e3ce965a9ec3f8a10b10,401858540,2026-09-02T15:27:05.903938+00:00,production-model-a-2026-week1-freeze-v1,13,2026-11-28T17:00:00.000Z,Michigan,Ohio State,Ohio State,AGREE W/ MARKET,v1_market_disagreement,-15.5,-13.5,46.5,DraftKings,,,,,,,,,,,False
096a8163045c933d20d76279,401858204,2026-09-02T18:05:30.413229+00:00,production-model-a-2026-week1-freeze-v1,1,2026-09-03T23:00:00.000Z,Akron,Wake Forest,Akron,ALIGNED,v2_the_signal,-22.0,-24.5,48.5,DraftKings,,,,,,,,,,,False
95e2bad04f12b510ee1b6396,401856776,2026-09-02T18:05:30.413229+00:00,production-model-a-2026-week1-freeze-v1,1,2026-09-04T00:00:00.000Z,Colorado,Georgia Tech,Colorado,ALIGNED,v2_the_signal,-6.0,-6.5,51.5,DraftKings,,,,,,,,,,,False
621676762bf61f898009228b,401858424,2026-09-02T18:05:30.413229+00:00,production-model-a-2026-week1-freeze-v1,1,2026-09-04T01:00:00.000Z,UAB,Illinois,UAB,SLIGHT EDGE,v2_the_signal,-23.5,-27.5,54.5,DraftKings,,,,,,,,,,,False
1eb2c1f814f6de0cebc207a5,401864495,2026-09-02T18:05:30.413229+00:00,production-model-a-2026-week1-freeze-v1,1,2026-09-04T22:30:00.000Z,San Jose State,Eastern Michigan,Eastern Michigan,ALIGNED,v2_the_signal,-5.0,-3.0,56.5,DraftKings,,,,,,,,,,,False
bf1f7da6a2786958972e2626,401858429,2026-09-02T18:05:30.413229+00:00,production-model-a-2026-week1-freeze-v1,1,2026-09-05T00:00:00.000Z,Toledo,Michigan State,Michigan State,ALIGNED,v2_the_signal,-10.5,-9.5,46.5,DraftKings,,,,,,,,,,,False
cf55c647a92fb04d054497db,401856664,2026-09-02T18:05:30.413229+00:00,production-model-a-2026-week1-freeze-v1,1,2026-09-05T00:00:00.000Z,UTEP,Oklahoma,UTEP,STRONG EDGE,v2_the_signal,-32.0,-41.5,51.5,DraftKings,,,,,,,,,,,False
486f25f6cc6db9bd2a1d2b5b,401858436,2026-09-02T18:05:30.413229+00:00,production-model-a-2026-week1-freeze-v1,1,2026-09-05T01:00:00.000Z,Fresno State,USC,Fresno State,STRONG EDGE,v2_the_signal,-14.0,-21.5,51.5,DraftKings,,,,,,,,,,,False
b687bfcdf73360d1c960f5c1,401858206,2026-09-02T18:05:30.413229+00:00,production-model-a-2026-week1-freeze-v1,1,2026-09-05T01:00:00.000Z,Miami,Stanford,Stanford,STRONG EDGE,v2_the_signal,15.0,24.5,48.5,DraftKings,,,,,,,,,,,False
aa26b92edb930b7402eb77da,401869960,2026-09-02T18:05:30.413229+00:00,production-model-a-2026-week1-freeze-v1,1,2026-09-05T16:00:00.000Z,Liberty,James Madison,Liberty,ALIGNED,v2_the_signal,-5.5,-6.0,50.5,DraftKings,,,,,,,,,,,False
43bce01f6b1268e869b6f9b4,401858430,2026-09-02T18:05:30.413229+00:00,production-model-a-2026-week1-freeze-v1,1,2026-09-05T16:00:00.000Z,Ohio,Nebraska,Ohio,SLIGHT EDGE,v2_the_signal,-19.0,-23.5,46.5,DraftKings,,,,,,,,,,,False
c97882d577cd5f3a804732ea,401856780,2026-09-02T18:05:30.413229+00:00,production-model-a-2026-week1-freeze-v1,1,2026-09-05T16:00:00.000Z,Coastal Carolina,West Virginia,Coastal Carolina,STRONG EDGE,v2_the_signal,-12.5,-21.0,56.5,DraftKings,,,,,,,,,,,False
8fd29489d97566b69de7507c,401858425,2026-09-02T18:05:30.413229+00:00,production-model-a-2026-week1-freeze-v1,1,2026-09-05T16:00:00.000Z,North Texas,Indiana,North Texas,STRONG EDGE,v2_the_signal,-31.5,-40.5,55.5,DraftKings,,,,,,,,,,,False
e0e52bb0647f45fcd4fe5528,401856778,2026-09-02T18:05:30.413229+00:00,production-model-a-2026-week1-freeze-v1,1,2026-09-05T16:00:00.000Z,Oregon State,Houston,Oregon State,STRONG EDGE,v2_the_signal,-12.0,-20.5,49.5,DraftKings,,,,,,,,,,,False
bae7f64c11b25bc2cda00831,401856634,2026-09-02T18:05:30.413229+00:00,production-model-a-2026-week1-freeze-v1,1,2026-09-05T16:00:00.000Z,East Carolina,Alabama,East Carolina,STRONG EDGE,v2_the_signal,-18.5,-28.5,52.5,DraftKings,,,,,,,,,,,False
b19163787971e66805586017,401858207,2026-09-02T18:05:30.413229+00:00,production-model-a-2026-week1-freeze-v1,1,2026-09-05T16:30:00.000Z,Miami (OH),Pittsburgh,Miami (OH),EDGE,v2_the_signal,-10.0,-16.5,48.5,DraftKings,,,,,,,,,,,False
ec1468380ee51b31101ffa7d,401858432,2026-09-02T18:05:30.413229+00:00,production-model-a-2026-week1-freeze-v1,1,2026-09-05T16:30:00.000Z,Ball State,Ohio State,Ball State,ALIGNED,v2_the_signal,-48.0,-50.5,56.5,DraftKings,,,,,,,,,,,False
f19d4910f9be7a181a15868b,401856665,2026-09-02T18:05:30.413229+00:00,production-model-a-2026-week1-freeze-v1,1,2026-09-05T16:45:00.000Z,Kent State,South Carolina,Kent State,EDGE,v2_the_signal,-29.5,-35.5,54.5,DraftKings,,,,,,,,,,,False
6f172cca005ed94e67d0ab23,401858433,2026-09-02T18:05:30.413229+00:00,production-model-a-2026-week1-freeze-v1,1,2026-09-05T19:30:00.000Z,Boise State,Oregon,Boise State,ALIGNED,v2_the_signal,-22.0,-24.5,51.5,DraftKings,,,,,,,,,,,False
e83ed663fe1d13c43cf90ad4,401856777,2026-09-02T18:05:30.413229+00:00,production-model-a-2026-week1-freeze-v1,1,2026-09-05T19:30:00.000Z,Boston College,Cincinnati,Boston College,ALIGNED,v2_the_signal,-6.0,-7.5,49.5,FanDuel,,,,,,,,,,,False
610652565253cb42a53d4494,401856636,2026-09-02T18:05:30.413229+00:00,production-model-a-2026-week1-freeze-v1,1,2026-09-05T19:30:00.000Z,Baylor,Auburn,Baylor,ALIGNED,v2_the_signal,-6.0,-7.5,59.5,DraftKings,,,,,,,,,,,False
b8d646b25ebb129325575318,401858434,2026-09-02T18:05:30.413229+00:00,production-model-a-2026-week1-freeze-v1,1,2026-09-05T19:30:00.000Z,Marshall,Penn State,Marshall,ALIGNED,v2_the_signal,-22.0,-24.5,52.5,DraftKings,,,,,,,,,,,False
04b849e1da2e909478134afa,401856667,2026-09-02T18:05:30.413229+00:00,production-model-a-2026-week1-freeze-v1,1,2026-09-05T19:30:00.000Z,Texas State,Texas,Texas State,STRONG EDGE,v2_the_signal,-22.0,-29.5,59.5,DraftKings,,,,,,,,,,,False
4e1fab2af0104dc09ef72a10,401858209,2026-09-02T18:05:30.413229+00:00,production-model-a-2026-week1-freeze-v1,1,2026-09-05T19:30:00.000Z,Tulane,Duke,Duke,ALIGNED,v2_the_signal,-10.0,-7.5,51.5,DraftKings,,,,,,,,,,,False
c0e9df537f2f160ba4f5e783,401856772,2026-09-02T18:05:30.413229+00:00,production-model-a-2026-week1-freeze-v1,1,2026-09-05T19:45:00.000Z,Oklahoma State,Tulsa,Tulsa,SLIGHT EDGE,v2_the_signal,8.5,13.5,59.5,DraftKings,,,,,,,,,,,False
970b0ed4b06d6782c9bc1468,401858426,2026-09-02T18:05:30.413229+00:00,production-model-a-2026-week1-freeze-v1,1,2026-09-05T20:15:00.000Z,Northern Illinois,Iowa,Northern Illinois,SLIGHT EDGE,v2_the_signal,-27.0,-31.5,44.5,DraftKings,,,,,,,,,,,False
18ecf49a247d7709ac599732,401860878,2026-09-02T18:05:30.413229+00:00,production-model-a-2026-week1-freeze-v1,1,2026-09-05T22:00:00.000Z,Wyoming,Colorado State,Wyoming,ALIGNED,v2_the_signal,-1.5,-3.0,46.5,DraftKings,,,,,,,,,,,False
0850c36caa13243456fbd143,401862699,2026-09-02T18:05:30.413229+00:00,production-model-a-2026-week1-freeze-v1,1,2026-09-05T23:00:00.000Z,Florida International,South Florida,Florida International,ALIGNED,v2_the_signal,-11.5,-14.0,52.5,DraftKings,,,,,,,,,,,False
479857bc6746678e99c47569,401856668,2026-09-02T18:05:30.413229+00:00,production-model-a-2026-week1-freeze-v1,1,2026-09-05T23:00:00.000Z,Missouri State,Texas A&M,Missouri State,EDGE,v2_the_signal,-34.0,-40.5,53.5,DraftKings,,,,,,,,,,,False
f89cadf857b911a1c7273906,401862695,2026-09-02T18:05:30.413229+00:00,production-model-a-2026-week1-freeze-v1,1,2026-09-05T23:00:00.000Z,Arkansas State,Memphis,Memphis,ALIGNED,v2_the_signal,-13.0,-11.5,52.5,DraftKings,,,,,,,,,,,False
b9788f2397f35d55ecef2df3,401858428,2026-09-02T18:05:30.413229+00:00,production-model-a-2026-week1-freeze-v1,1,2026-09-05T23:30:00.000Z,Western Michigan,Michigan,Western Michigan,EDGE,v2_the_signal,-20.5,-27.5,48.5,DraftKings,,,,,,,,,,,False
55e0a53f60fc258784334210,401856660,2026-09-02T18:05:30.413229+00:00,production-model-a-2026-week1-freeze-v1,1,2026-09-05T23:30:00.000Z,Clemson,LSU,Clemson,ALIGNED,v2_the_signal,-9.0,-10.0,50.5,DraftKings,,,,,,,,,,,False
d14495e5694460301559f92a,401856662,2026-09-02T18:05:30.413229+00:00,production-model-a-2026-week1-freeze-v1,1,2026-09-05T23:30:00.000Z,UL Monroe,Mississippi State,,ALIGNED,v2_the_signal,-28.5,-28.5,54.5,DraftKings,,,,,,,,,,,False
846c82424fa866bd0c4fd312,401856637,2026-09-02T18:05:30.413229+00:00,production-model-a-2026-week1-freeze-v1,1,2026-09-05T23:45:00.000Z,Florida Atlantic,Florida,Florida Atlantic,EDGE,v2_the_signal,-19.5,-26.5,59.5,DraftKings,,,,,,,,,,,False
ff954be81a4015af5365a6ac,401864497,2026-09-02T18:05:30.413229+00:00,production-model-a-2026-week1-freeze-v1,1,2026-09-06T02:00:00.000Z,UNLV,Hawai'i,Hawai'i,SLIGHT EDGE,v2_the_signal,0.0,3.0,56.5,DraftKings,,,,,,,,,,,False
f04ab0e37fbb343222b24560,401864498,2026-09-02T18:05:30.413229+00:00,production-model-a-2026-week1-freeze-v1,1,2026-09-06T02:00:00.000Z,Central Michigan,New Mexico,New Mexico,SLIGHT EDGE,v2_the_signal,-13.5,-10.5,46.5,DraftKings,,,,,,,,,,,False
36366e955025c8149729e8d0,401864432,2026-09-02T18:05:30.413229+00:00,production-model-a-2026-week1-freeze-v1,1,2026-09-06T02:30:00.000Z,Western Kentucky,Nevada,,ALIGNED,v2_the_signal,1.5,1.5,52.5,DraftKings,,,,,,,,,,,False
3ada67f43574026c49837749,401858210,2026-09-02T18:05:30.413229+00:00,production-model-a-2026-week1-freeze-v1,1,2026-09-06T02:30:00.000Z,UCLA,California,California,SLIGHT EDGE,v2_the_signal,-0.5,2.5,53.5,DraftKings,,,,,,,,,,,False
1a4041e244e5e56c70c83bda,401858437,2026-09-02T18:05:30.413229+00:00,production-model-a-2026-week1-freeze-v1,1,2026-09-06T20:00:00.000Z,Washington State,Washington,Washington State,SLIGHT EDGE,v2_the_signal,-18.5,-23.5,50.5,DraftKings,,,,,,,,,,,False
26db7cd08f93b880ee42e5e1,401858438,2026-09-02T18:05:30.413229+00:00,production-model-a-2026-week1-freeze-v1,1,2026-09-06T23:30:00.000Z,Wisconsin,Notre Dame,Wisconsin,SLIGHT EDGE,v2_the_signal,-17.5,-20.5,47.5,DraftKings,,,,,,,,,,,False
bba963dc767a57d26947edf2,401856661,2026-09-02T18:05:30.413229+00:00,production-model-a-2026-week1-freeze-v1,1,2026-09-06T23:30:00.000Z,Louisville,Ole Miss,Louisville,SLIGHT EDGE,v2_the_signal,-4.0,-7.0,55.5,DraftKings,,,,,,,,,,,False
a57b538f1f8ae4abea0a950e,401858212,2026-09-02T18:05:30.413229+00:00,production-model-a-2026-week1-freeze-v1,1,2026-09-07T23:30:00.000Z,SMU,Florida State,Florida State,SLIGHT EDGE,v2_the_signal,-0.5,3.0,52.5,DraftKings,,,,,,,,,,,False
373657423e3e9e3f178510c2,401856678,2026-09-02T18:05:30.413229+00:00,production-model-a-2026-week1-freeze-v1,2,2026-09-12T00:00:00.000Z,Missouri,Kansas,,ALIGNED,v2_the_signal,7.0,7.0,53.5,DraftKings,,,,,,,,,,,False
6a41258938221091e00b071e,401856683,2026-09-02T18:05:30.413229+00:00,production-model-a-2026-week1-freeze-v1,2,2026-09-12T16:00:00.000Z,Arizona State,Texas A&M,Texas A&M,ALIGNED,v2_the_signal,-15.5,-14.5,51.5,DraftKings,,,,,,,,,,,False
7959584ea41956dad1c4015e,401856679,2026-09-02T18:05:30.413229+00:00,production-model-a-2026-week1-freeze-v1,2,2026-09-12T16:00:00.000Z,Oklahoma,Michigan,,ALIGNED,v2_the_signal,-1.5,-1.5,46.5,DraftKings,,,,,,,,,,,False
ec5ffeabeaf60f7f97d4fff4,401856782,2026-09-02T18:05:30.413229+00:00,production-model-a-2026-week1-freeze-v1,2,2026-09-12T16:00:00.000Z,Oregon,Oklahoma State,Oklahoma State,SLIGHT EDGE,v2_the_signal,14.5,18.5,60.5,DraftKings,,,,,,,,,,,False
4d5775e3373e3f6ee0bc002e,401856682,2026-09-02T18:05:30.413229+00:00,production-model-a-2026-week1-freeze-v1,2,2026-09-12T23:30:00.000Z,Ohio State,Texas,Ohio State,EDGE,v2_the_signal,4.5,-1.5,47.5,DraftKings,,,,,,,,,,,False
3e415dde2376c896ce82de0e,401856788,2026-09-02T18:05:30.413229+00:00,production-model-a-2026-week1-freeze-v1,2,2026-09-12T23:30:00.000Z,Iowa State,Iowa,Iowa,SLIGHT EDGE,v2_the_signal,-14.5,-11.5,41.5,DraftKings,,,,,,,,,,,False
afc4ff3ba7b2327ca210ae42,401856670,2026-09-02T18:05:30.413229+00:00,production-model-a-2026-week1-freeze-v1,2,2026-09-13T02:15:00.000Z,Arkansas,Utah,Arkansas,SLIGHT EDGE,v2_the_signal,-6.0,-9.5,54.5,DraftKings,,,,,,,,,,,False
438d395b223cd37f95586962,401856811,2026-09-02T18:05:30.413229+00:00,production-model-a-2026-week1-freeze-v1,3,2026-09-19T00:00:00.000Z,Houston,Texas Tech,,ALIGNED,v2_the_signal,-13.5,-13.5,54.5,DraftKings,,,,,,,,,,,False
a3ab6e00b1df268274ab3fa4,401856686,2026-09-02T18:05:30.413229+00:00,production-model-a-2026-week1-freeze-v1,3,2026-09-19T16:00:00.000Z,Georgia,Arkansas,Arkansas,SLIGHT EDGE,v2_the_signal,13.5,16.5,55.5,FanDuel,,,,,,,,,,,False
c824489ec7a44b2f19ab7741,401858230,2026-09-02T18:05:30.413229+00:00,production-model-a-2026-week1-freeze-v1,3,2026-09-19T19:30:00.000Z,SMU,Louisville,,ALIGNED,v2_the_signal,-1.5,-1.5,56.5,DraftKings,,,,,,,,,,,False
241003d2849962e5c54ed783,401856687,2026-09-02T18:05:30.413229+00:00,production-model-a-2026-week1-freeze-v1,3,2026-09-19T23:00:00.000Z,Florida,Auburn,Auburn,ALIGNED,v2_the_signal,0.0,1.5,53.5,DraftKings,,,,,,,,,,,False
6579a551f55fe60bcd0a3339,401856688,2026-09-02T18:05:30.413229+00:00,production-model-a-2026-week1-freeze-v1,3,2026-09-19T23:30:00.000Z,LSU,Ole Miss,LSU,ALIGNED,v2_the_signal,0.5,-1.5,57.5,DraftKings,,,,,,,,,,,False
16d28494fff73184c2603696,401856700,2026-09-02T18:05:30.413229+00:00,production-model-a-2026-week1-freeze-v1,4,2026-09-26T04:00:00.000Z,Oklahoma,Georgia,Oklahoma,ALIGNED,v2_the_signal,-9.0,-10.0,52.5,DraftKings,,,,,,,,,,,False
17f7f97ed05d16a9afa20328,401856702,2026-09-02T18:05:30.413229+00:00,production-model-a-2026-week1-freeze-v1,4,2026-09-26T04:00:00.000Z,Texas A&M,LSU,,ALIGNED,v2_the_signal,-3.0,-3.0,57.5,DraftKings,,,,,,,,,,,False
1a2d8c66a842981ff54342e4,401856704,2026-09-02T18:05:30.413229+00:00,production-model-a-2026-week1-freeze-v1,4,2026-09-26T16:00:00.000Z,Texas,Tennessee,Tennessee,EDGE,v2_the_signal,1.0,6.5,56.5,DraftKings,,,,,,,,,,,False
c4078dd98103d3c9ac4c2bf3,401858249,2026-09-02T18:05:30.413229+00:00,production-model-a-2026-week1-freeze-v1,5,2026-10-03T04:00:00.000Z,Miami,Clemson,Clemson,SLIGHT EDGE,v2_the_signal,3.5,7.0,55.5,DraftKings,,,,,,,,,,,False
cfcc75bd1a730cf4271c11ec,401856712,2026-09-02T18:05:30.413229+00:00,production-model-a-2026-week1-freeze-v1,6,2026-10-10T04:00:00.000Z,Georgia,Alabama,Georgia,ALIGNED,v2_the_signal,3.5,3.0,50.5,DraftKings,,,,,,,,,,,False
137224eb9c30eaf63c442886,401856717,2026-09-02T18:05:30.413229+00:00,production-model-a-2026-week1-freeze-v1,6,2026-10-10T19:30:00.000Z,Texas,Oklahoma,Oklahoma,SLIGHT EDGE,v2_the_signal,3.0,6.0,48.5,DraftKings,,,,,,,,,,,False
d01b5160827206e3ff175044,401856719,2026-09-02T18:05:30.413229+00:00,production-model-a-2026-week1-freeze-v1,7,2026-10-17T04:00:00.000Z,Auburn,Georgia,Auburn,ALIGNED,v2_the_signal,-14.5,-16.5,54.5,DraftKings,,,,,,,,,,,False
8793b82ceb598fcebb8b97e9,401858488,2026-09-02T18:05:30.413229+00:00,production-model-a-2026-week1-freeze-v1,7,2026-10-17T04:00:00.000Z,Ohio State,Indiana,Ohio State,ALIGNED,v2_the_signal,2.5,1.5,48.5,DraftKings,,,,,,,,,,,False
097d39431bc1a1cb25759327,401858490,2026-09-02T18:05:30.413229+00:00,production-model-a-2026-week1-freeze-v1,7,2026-10-17T04:00:00.000Z,Penn State,Michigan,Penn State,SLIGHT EDGE,v2_the_signal,-3.5,-6.5,51.5,DraftKings,,,,,,,,,,,False
93a1566e7581c2a1e80ac6c5,401858492,2026-09-02T18:05:30.413229+00:00,production-model-a-2026-week1-freeze-v1,7,2026-10-17T04:00:00.000Z,Nebraska,Oregon,Nebraska,SLIGHT EDGE,v2_the_signal,-18.5,-21.5,51.5,DraftKings,,,,,,,,,,,False
94fdf11d2357206fc5c4c815,401856723,2026-09-02T18:05:30.413229+00:00,production-model-a-2026-week1-freeze-v1,7,2026-10-17T04:00:00.000Z,Alabama,Tennessee,Tennessee,SLIGHT EDGE,v2_the_signal,-3.0,1.5,56.5,DraftKings,,,,,,,,,,,False
41062fcbb571701d986bbfd8,401856809,2026-09-02T18:05:30.413229+00:00,production-model-a-2026-week1-freeze-v1,7,2026-10-17T04:00:00.000Z,Notre Dame,BYU,BYU,SLIGHT EDGE,v2_the_signal,6.0,10.0,54.5,DraftKings,,,,,,,,,,,False
1fb15188648c671b7b956444,401856830,2026-09-02T18:05:30.413229+00:00,production-model-a-2026-week1-freeze-v1,7,2026-10-17T04:00:00.000Z,Kansas,Kansas State,Kansas,ALIGNED,v2_the_signal,-7.0,-7.5,54.5,DraftKings,,,,,,,,,,,False
2ba86c1f8b4ead6a87f1b79c,401856727,2026-09-02T18:05:30.413229+00:00,production-model-a-2026-week1-freeze-v1,8,2026-10-24T04:00:00.000Z,Texas A&M,Alabama,Texas A&M,ALIGNED,v2_the_signal,-0.5,-2.5,54.5,DraftKings,,,,,,,,,,,False
e606b96fb95ee4ac490747c5,401856732,2026-09-02T18:05:30.413229+00:00,production-model-a-2026-week1-freeze-v1,8,2026-10-24T04:00:00.000Z,Ole Miss,Texas,Ole Miss,ALIGNED,v2_the_signal,-8.0,-8.5,54.5,DraftKings,,,,,,,,,,,False
8228504ed5824ea94ed6b7f3,401856837,2026-09-02T18:05:30.413229+00:00,production-model-a-2026-week1-freeze-v1,8,2026-10-24T04:00:00.000Z,Houston,Utah,Houston,ALIGNED,v2_the_signal,-5.0,-6.5,50.5,DraftKings,,,,,,,,,,,False
b44f01db7a9a6c83e5421e00,401858496,2026-09-02T18:05:30.413229+00:00,production-model-a-2026-week1-freeze-v1,8,2026-10-24T04:00:00.000Z,Indiana,Michigan,Michigan,ALIGNED,v2_the_signal,3.5,6.0,52.5,DraftKings,,,,,,,,,,,False
8a4ad9f51bd0c48c19bbefc6,401856734,2026-09-02T18:05:30.413229+00:00,production-model-a-2026-week1-freeze-v1,9,2026-10-31T19:30:00.000Z,Florida,Georgia,Florida,SLIGHT EDGE,v2_the_signal,-8.5,-12.5,53.5,DraftKings,,,,,,,,,,,False
b7b315d03fa8dc4d0c547114,401856740,2026-09-02T18:05:30.413229+00:00,production-model-a-2026-week1-freeze-v1,10,2026-11-07T05:00:00.000Z,Alabama,LSU,LSU,ALIGNED,v2_the_signal,-5.5,-3.5,54.5,DraftKings,,,,,,,,,,,False
1c5c93415250b5c294b42f29,401856741,2026-09-02T18:05:30.413229+00:00,production-model-a-2026-week1-freeze-v1,10,2026-11-07T05:00:00.000Z,Georgia,Ole Miss,Georgia,ALIGNED,v2_the_signal,5.0,4.5,55.5,DraftKings,,,,,,,,,,,False
fda4d7a5ef0457e91d8fa49e,401856849,2026-09-02T18:05:30.413229+00:00,production-model-a-2026-week1-freeze-v1,10,2026-11-07T05:00:00.000Z,BYU,Utah,BYU,SLIGHT EDGE,v2_the_signal,1.0,-3.0,51.5,DraftKings,,,,,,,,,,,False
22241e0dd91ea697b3802666,401858511,2026-09-02T18:05:30.413229+00:00,production-model-a-2026-week1-freeze-v1,10,2026-11-07T05:00:00.000Z,Michigan State,Michigan,Michigan State,ALIGNED,v2_the_signal,-14.5,-16.5,50.5,DraftKings,,,,,,,,,,,False
4a84a62d74a3fe783f801244,401858514,2026-09-02T18:05:30.413229+00:00,production-model-a-2026-week1-freeze-v1,10,2026-11-07T05:00:00.000Z,Oregon,Ohio State,,ALIGNED,v2_the_signal,-6.0,-6.0,52.5,DraftKings,,,,,,,,,,,False
3453bf5433a5da044d25ae61,401858291,2026-09-02T18:05:30.413229+00:00,production-model-a-2026-week1-freeze-v1,10,2026-11-08T00:30:00.000Z,Miami,Notre Dame,,ALIGNED,v2_the_signal,-6.5,-6.5,54.5,DraftKings,,,,,,,,,,,False
4ee8751ea41e705e120986c8,401858523,2026-09-02T18:05:30.413229+00:00,production-model-a-2026-week1-freeze-v1,11,2026-11-14T05:00:00.000Z,Michigan,Oregon,Michigan,ALIGNED,v2_the_signal,-13.0,-13.5,53.5,DraftKings,,,,,,,,,,,False
e7f5b9caa1fc0c8a64bb4b5c,401858296,2026-09-02T18:05:30.413229+00:00,production-model-a-2026-week1-freeze-v1,11,2026-11-14T05:00:00.000Z,Duke,Miami,Duke,EDGE,v2_the_signal,-15.0,-21.0,55.5,DraftKings,,,,,,,,,,,False
c818c2114cb7e616ba2a8b7a,401856888,2026-09-02T18:05:30.413229+00:00,production-model-a-2026-week1-freeze-v1,11,2026-11-14T05:00:00.000Z,Tennessee,Texas A&M,Tennessee,ALIGNED,v2_the_signal,-6.0,-8.5,55.5,DraftKings,,,,,,,,,,,False
f5edc1c30389becda6bf5d2b,401856887,2026-09-02T18:05:30.413229+00:00,production-model-a-2026-week1-freeze-v1,11,2026-11-14T05:00:00.000Z,Ole Miss,Oklahoma,Oklahoma,ALIGNED,v2_the_signal,-4.5,-4.0,53.5,DraftKings,,,,,,,,,,,False
4a3b9d530641132b934104d7,401856885,2026-09-02T18:05:30.413229+00:00,production-model-a-2026-week1-freeze-v1,11,2026-11-14T05:00:00.000Z,Texas,LSU,LSU,SLIGHT EDGE,v2_the_signal,-1.5,2.5,54.5,DraftKings,,,,,,,,,,,False
8d167b8433b70543a6793404,401856863,2026-09-02T18:05:30.413229+00:00,production-model-a-2026-week1-freeze-v1,11,2026-11-14T05:00:00.000Z,Texas Tech,Oklahoma State,Oklahoma State,EDGE,v2_the_signal,9.0,15.5,61.5,DraftKings,,,,,,,,,,,False
d06308bc1d940e20522e6446,401856752,2026-09-02T18:05:30.413229+00:00,production-model-a-2026-week1-freeze-v1,12,2026-11-21T05:00:00.000Z,Texas A&M,Oklahoma,Texas A&M,ALIGNED,v2_the_signal,-1.5,-2.5,51.5,DraftKings,,,,,,,,,,,False
e7cc483166d6f5627cb463ed,401856754,2026-09-02T18:05:30.413229+00:00,production-model-a-2026-week1-freeze-v1,12,2026-11-21T05:00:00.000Z,LSU,Tennessee,Tennessee,ALIGNED,v2_the_signal,-1.0,1.5,57.5,DraftKings,,,,,,,,,,,False
7ce5f6747344520c6ea5ceb3,401858302,2026-09-02T18:05:30.413229+00:00,production-model-a-2026-week1-freeze-v1,12,2026-11-21T05:00:00.000Z,Virginia Tech,Miami,Virginia Tech,SLIGHT EDGE,v2_the_signal,-12.5,-16.5,56.5,DraftKings,,,,,,,,,,,False
ac80696ed08f6e88aa51166d,401858307,2026-09-02T18:05:30.413229+00:00,production-model-a-2026-week1-freeze-v1,12,2026-11-22T00:30:00.000Z,SMU,Notre Dame,SMU,SLIGHT EDGE,v2_the_signal,-14.0,-17.5,56.5,DraftKings,,,,,,,,,,,False
4dfc24941504353a5363898e,401856762,2026-09-02T18:05:30.413229+00:00,production-model-a-2026-week1-freeze-v1,13,2026-11-27T17:00:00.000Z,Mississippi State,Ole Miss,Mississippi State,SLIGHT EDGE,v2_the_signal,-11.5,-14.5,56.5,DraftKings,,,,,,,,,,,False
c2acc9a711d274417508f903,401856756,2026-09-02T18:05:30.413229+00:00,production-model-a-2026-week1-freeze-v1,13,2026-11-28T00:30:00.000Z,Texas,Texas A&M,Texas A&M,SLIGHT EDGE,v2_the_signal,-1.5,2.5,53.5,DraftKings,,,,,,,,,,,False
c7d1f0331f66c12f119ae0be,401858541,2026-09-02T18:05:30.413229+00:00,production-model-a-2026-week1-freeze-v1,13,2026-11-28T05:00:00.000Z,Washington,Oregon,Washington,ALIGNED,v2_the_signal,-13.5,-15.5,54.5,DraftKings,,,,,,,,,,,False
8f6da571dfa160d2f7bea4b9,401856757,2026-09-02T18:05:30.413229+00:00,production-model-a-2026-week1-freeze-v1,13,2026-11-28T05:00:00.000Z,Auburn,Alabama,Auburn,ALIGNED,v2_the_signal,-8.0,-10.0,53.5,DraftKings,,,,,,,,,,,False
ece0518322d1f3b0b53a9f58,401856764,2026-09-02T18:05:30.413229+00:00,production-model-a-2026-week1-freeze-v1,13,2026-11-28T05:00:00.000Z,South Carolina,Clemson,Clemson,ALIGNED,v2_the_signal,-3.5,-3.0,53.5,DraftKings,,,,,,,,,,,False
0a4818a10c96ff5670628c91,401856765,2026-09-02T18:05:30.413229+00:00,production-model-a-2026-week1-freeze-v1,13,2026-11-28T05:00:00.000Z,Tennessee,Vanderbilt,Tennessee,ALIGNED,v2_the_signal,4.0,3.0,57.5,DraftKings,,,,,,,,,,,False
f59b03ac8d5e76c25d5c9191,401856873,2026-09-02T18:05:30.413229+00:00,production-model-a-2026-week1-freeze-v1,13,2026-11-28T05:00:00.000Z,Arizona State,Arizona,Arizona,ALIGNED,v2_the_signal,-5.5,-4.5,52.5,DraftKings,,,,,,,,,,,False
566274cb3a31b5058f9254d9,401858537,2026-09-02T18:05:30.413229+00:00,production-model-a-2026-week1-freeze-v1,13,2026-11-28T05:00:00.000Z,Illinois,Northwestern,Northwestern,ALIGNED,v2_the_signal,2.5,3.5,52.5,DraftKings,,,,,,,,,,,False
8c7b294bbb1a0dc545cee231,401858540,2026-09-02T18:05:30.413229+00:00,production-model-a-2026-week1-freeze-v1,13,2026-11-28T17:00:00.000Z,Michigan,Ohio State,Ohio State,ALIGNED,v2_the_signal,-15.5,-13.5,46.5,DraftKings,,,,,,,,,,,False
